,name,eval/roc_auc,word_cnt
0,first_400_words,0.7889962797776775,400
1,first_300_words,0.7864935559549662,300
2,first_200_words,0.7808617011197696,200
3,first_100_words,0.7683652329221299,100
