,name,eval/roc_auc
0,AsianIndian,0.8097495903838068
1,Chinese,0.8477183098591548
2,White,0.7962093215880476
3,OtherRace,0.813266784760289
4,AfricanAmericanBlack,0.7736584079849262
